Branch,Street Address,City,State,ZIP
San Francisco - Main,124 2nd St,San Francisco,CA,94105
San Francisco - Sunset,1405 Noriega St,San Francisco,CA,94122
Daly City,362 Gellert Blvd,Daly City,CA,94015
Berkeley,2033 Kala Bagai Way,Berkeley,CA,94704
Oakland,360 22nd St,Oakland,CA,94612
Oakland City Center,"1200 Clay St, Suite 130",Oakland,CA,94612
San Bruno,"1050 Admiral Ct, Suite F",San Bruno,CA,94066
Hayward,24703 Amador St,Hayward,CA,94545
Lafayette,"3498 Mount Diablo Blvd, Suite A",Lafayette,CA,94549
Fremont,5166 Mowry Ave,Fremont,CA,94538
Walnut Creek,1790 N Broadway,Walnut Creek,CA,94596
Concord,"1390 Willow Pass Rd, Suite 100",Concord,CA,94520
San Mateo,51 Bovet Rd,San Mateo,CA,94402
Livermore,2245 Las Positas Rd,Livermore,CA,94551
Brentwood,"5601 Lone Tree Way, Suite T-110",Brentwood,CA,94513
Sacramento,"2425 Fair Oaks Blvd, Suite 6",Sacramento,CA,95825
Castro Valley,4055 E Castro Valley Blvd,Castro Valley,CA,94552
Redwood City,1105 Veterans Blvd,Redwood City,CA,94063
Milpitas,1351 McCandless Dr,Milpitas,CA,95035
Novato,"112 Vintage Way, Suite C1",Novato,CA,94945
Sunnyvale,332 W El Camino Real,Sunnyvale,CA,94087
Pleasanton,"4515 Rosewood Dr, Suite 800",Pleasanton,CA,94588
Dublin,3 Park Pl,Dublin,CA,94588
San Ramon,"6000 Bollinger Canyon Rd, Suite 1612",San Ramon,CA,94583
Danville,310 Hartz Ave,Danville,CA,94526
Campbell,"1790 S Bascom Ave, Suite 110",Campbell,CA,95008
Santa Rosa,1965 Cleveland Ave,Santa Rosa,CA,95401
Rohnert Park,985 Golf Course Dr,Rohnert Park,CA,94928
Roseville,5040 Foothills Blvd,Roseville,CA,95747
Citrus Heights,"6100 Birdcage St, Suite 125",Citrus Heights,CA,95610
Elk Grove,9121 E Stockton Blvd,Elk Grove,CA,95624
Folsom,"1300 E Bidwell St, Suite 155",Folsom,CA,95630
San Leandro,15100 Hesperian Blvd,San Leandro,CA,94578
San Jose - Almaden,"5185 Cherry Ave, Suite 50",San Jose,CA,95118
Fairfield,"3101 Travis Blvd, Suite A",Fairfield,CA,94534
Santa Clara,2654 El Camino Real,Santa Clara,CA,95051
